product_name,category,weight,fragility_level,storage_condition
Dustproof Toys Device #2286,Medical,15.557,Medium,Frozen
Advanced Automotive Capsule #4035,Luxury,12.915,Medium,Ventilated
Airtight Luxury Lot #7442,Furniture,21.913,Low,Dark Storage
Shockproof Apparel Package #5037,Luxury,72.625,High,Room Temperature
Deluxe Chemical Crate #143,Apparel,40.241,Medium,Ventilated
Advanced Cosmetics Cylinder #1288,Electronics,92.559,Medium,Room Temperature
Shockproof Medical Component #7127,Cosmetics,55.895,Low,Dry Storage
Portable Food & Beverage Pack #614,Apparel,79.777,Medium,Sterile
Heavy-Duty Food & Beverage Gadget #1543,Automotive,17.03,High,Climate Controlled
Airtight Pharmaceuticals Pallet #3198,Pharmaceuticals,63.054,Low,Room Temperature
Industrial Toys Pouch #8854,Medical,47.344,High,Climate Controlled
Standard Pharmaceuticals Box #2165,Agriculture,5.459,Medium,Climate Controlled
Lightweight Sports Drum #3503,Electronics,67.572,Medium,Ventilated
Heavy-Duty Agriculture Capsule #8531,Chemical,75.885,High,Frozen
Commercial Retail Cylinder #2351,Apparel,45.399,Low,Humidity Controlled
Advanced Chemical Assembly #9275,Sports,92.608,Medium,Frozen
Advanced Toys Cartridge #344,Electronics,84.293,Low,Dark Storage
Deluxe Industrial Box #9672,Cosmetics,80.505,High,Humidity Controlled
Airtight Cosmetics Module #9129,Medical,84.71,Medium,Climate Controlled
Fireproof Retail Vessel #1836,Apparel,72.92,Medium,Sterile
Portable Electronics Case #9442,Furniture,26.8,High,Ventilated
Shockproof Sports Canister #7600,Medical,58.661,Low,Pressurized
Industrial Apparel Capsule #6835,Luxury,21.837,High,Sterile
Portable Food & Beverage Pack #1492,Medical,48.492,High,Pressurized
Heavy-Duty Luxury Kit #7306,Agriculture,27.852,High,Refrigerated
Fireproof Chemical Capsule #1431,Industrial,59.914,High,Pressurized
Commercial Luxury Module #7340,Apparel,3.535,High,Sterile
Industrial Medical Box #7454,Luxury,31.568,Medium,Room Temperature
Advanced Pharmaceuticals Canister #5773,Retail,28.281,High,Dry Storage
Standard Medical Package #2354,Pharmaceuticals,82.372,Medium,Climate Controlled
Compact Electronics Bottle #3510,Cosmetics,12.843,High,Dry Storage
Residential Electronics Lot #5561,Sports,25.8,Medium,Refrigerated
Heavy-Duty Agriculture Widget #866,Pharmaceuticals,10.174,High,Pressurized
Lightweight Electronics Vessel #6216,Sports,70.418,High,Refrigerated
Residential Pharmaceuticals Set #3955,Medical,86.716,Low,Humidity Controlled
Industrial Retail Barrel #9233,Sports,28.903,Medium,Dry Storage
Dustproof Luxury Assembly #214,Industrial,1.727,High,Refrigerated
Commercial Toys Bottle #2418,Pharmaceuticals,68.537,Medium,Frozen
Portable Industrial Bag #8961,Pharmaceuticals,90.971,High,Pressurized
Lightweight Retail Module #353,Agriculture,91.55,Medium,Climate Controlled
Lightweight Luxury Gadget #8765,Pharmaceuticals,82.688,High,Frozen
Waterproof Pharmaceuticals Pack #396,Automotive,39.829,Medium,Pressurized
Premium Electronics Can #2217,Agriculture,49.22,High,Pressurized
Lightweight Pharmaceuticals Bundle #259,Toys,14.22,Low,Dry Storage
Dustproof Industrial Gadget #4851,Furniture,52.633,High,Ventilated
Shockproof Automotive Pallet #4594,Electronics,33.05,High,Climate Controlled
Commercial Food & Beverage Canister #3527,Food & Beverage,38.854,Low,Dark Storage
Vacuum-Sealed Automotive Drum #2897,Agriculture,7.796,High,Dry Storage
Compact Cosmetics Canister #4670,Agriculture,72.361,High,Humidity Controlled
Residential Industrial Widget #4161,Apparel,30.664,High,Sterile
Advanced Furniture Set #1792,Sports,53.694,Medium,Dark Storage
Waterproof Sports Container #1922,Electronics,75.329,Medium,Pressurized
Advanced Apparel Bundle #6822,Apparel,68.701,High,Climate Controlled
Industrial Apparel Component #8243,Sports,77.527,Medium,Dry Storage
Vacuum-Sealed Medical Jar #3430,Luxury,67.859,Low,Room Temperature
Lightweight Pharmaceuticals Lot #3007,Retail,62.127,Medium,Frozen
Deluxe Toys Assembly #945,Cosmetics,39.558,Low,Room Temperature
Waterproof Luxury Widget #5476,Retail,54.346,High,Frozen
Waterproof Apparel Vessel #7835,Apparel,8.459,Medium,Frozen
Airtight Cosmetics Batch #3126,Electronics,9.986,Medium,Humidity Controlled
Portable Retail Jar #1072,Luxury,31.934,Medium,Pressurized
Heavy-Duty Cosmetics Crate #7210,Apparel,95.113,Medium,Ventilated
Fireproof Sports Container #2712,Medical,92.686,Medium,Humidity Controlled
Residential Pharmaceuticals Widget #6507,Automotive,75.186,Medium,Ventilated
Professional Luxury Barrel #1442,Automotive,10.078,Low,Climate Controlled
Lightweight Furniture Package #8466,Furniture,43.152,Low,Room Temperature
Commercial Electronics Batch #7060,Electronics,38.703,Medium,Humidity Controlled
Lightweight Cosmetics Cylinder #4336,Toys,78.711,Medium,Pressurized
Heavy-Duty Electronics Assembly #949,Retail,13.366,High,Room Temperature
Portable Chemical Pack #6642,Automotive,7.222,Medium,Humidity Controlled
Heavy-Duty Apparel Package #2898,Industrial,32.577,Low,Frozen
Standard Furniture Canister #6826,Luxury,25.743,Medium,Climate Controlled
Waterproof Chemical Widget #5316,Food & Beverage,77.007,High,Sterile
Waterproof Sports Package #1312,Furniture,93.302,Low,Frozen
Advanced Retail Bundle #3062,Chemical,84.818,Low,Dry Storage
Compact Apparel Batch #5204,Toys,40.713,High,Dark Storage
Lightweight Furniture Sack #2415,Electronics,51.305,Low,Humidity Controlled
Airtight Cosmetics Sack #4359,Retail,47.048,Low,Refrigerated
Portable Food & Beverage Bundle #7393,Furniture,2.086,Low,Dark Storage
Fireproof Agriculture Lot #5164,Cosmetics,4.654,High,Climate Controlled
Waterproof Apparel System #1833,Chemical,93.667,Low,Dry Storage
Deluxe Furniture Batch #3027,Toys,64.334,Low,Frozen
Industrial Food & Beverage Cylinder #184,Electronics,79.752,Medium,Room Temperature
Basic Toys Canister #7031,Toys,61.185,High,Dry Storage
Vacuum-Sealed Medical Box #3112,Electronics,98.314,Medium,Refrigerated
Portable Electronics Jar #5306,Cosmetics,26.985,High,Room Temperature
Lightweight Toys Gadget #8488,Sports,77.039,High,Refrigerated
Compact Pharmaceuticals Crate #5013,Retail,60.779,High,Ventilated
Commercial Food & Beverage Widget #7035,Retail,84.479,High,Ventilated
Economy Retail Package #7302,Pharmaceuticals,84.086,Medium,Frozen
Advanced Food & Beverage Shipment #5877,Toys,26.946,Low,Humidity Controlled
Basic Chemical Widget #8904,Apparel,60.978,High,Room Temperature
Dustproof Agriculture Sack #832,Industrial,31.846,Low,Ventilated
Professional Medical Kit #6564,Cosmetics,35.458,Medium,Ventilated
Lightweight Chemical Can #4690,Industrial,98.787,Low,Sterile
Industrial Industrial Drum #8312,Automotive,49.877,High,Dry Storage
Deluxe Cosmetics Cylinder #9981,Sports,25.196,Low,Humidity Controlled
Vacuum-Sealed Electronics Module #1482,Sports,82.856,High,Room Temperature
Basic Pharmaceuticals Container #8201,Pharmaceuticals,65.82,Medium,Room Temperature
Premium Agriculture Kit #6397,Pharmaceuticals,71.751,Medium,Climate Controlled
Portable Cosmetics Device #6732,Pharmaceuticals,65.102,Low,Dry Storage
Dustproof Pharmaceuticals Bag #643,Food & Beverage,35.442,High,Sterile
Airtight Cosmetics Case #6174,Chemical,14.077,High,Climate Controlled
Airtight Agriculture Sack #9888,Sports,84.169,Low,Ventilated
Standard Agriculture Unit #8801,Cosmetics,84.454,Low,Room Temperature
Standard Agriculture Pouch #9792,Cosmetics,9.727,High,Ventilated
Vacuum-Sealed Apparel Bundle #713,Medical,46.038,Medium,Pressurized
Residential Agriculture Box #1303,Apparel,46.082,High,Humidity Controlled
Premium Automotive Set #2316,Food & Beverage,65.665,Low,Pressurized
Standard Luxury Barrel #6968,Luxury,42.594,Medium,Pressurized
Professional Toys Pallet #9658,Agriculture,15.981,Low,Pressurized
Economy Sports Cartridge #9494,Toys,75.486,Low,Sterile
Premium Toys Bottle #5371,Automotive,78.692,High,Dark Storage
Commercial Electronics Bundle #6648,Agriculture,51.479,Medium,Refrigerated
Standard Toys Assembly #9349,Sports,42.086,Low,Dry Storage
Portable Chemical Widget #2830,Pharmaceuticals,97.11,Medium,Room Temperature
Residential Electronics Canister #7741,Agriculture,64.318,High,Pressurized
Commercial Sports Box #3767,Apparel,71.672,Medium,Frozen
Portable Pharmaceuticals Pallet #3378,Furniture,42.057,Medium,Climate Controlled
Advanced Toys Module #8567,Luxury,51.684,Low,Ventilated
Shockproof Pharmaceuticals Pallet #3604,Cosmetics,70.009,Medium,Dark Storage
Standard Food & Beverage Jar #7334,Pharmaceuticals,84.358,Low,Refrigerated
Commercial Toys Bottle #8038,Automotive,9.318,High,Refrigerated
Advanced Sports Pallet #9104,Furniture,54.134,Low,Climate Controlled
Premium Automotive Vessel #2689,Chemical,14.753,Medium,Humidity Controlled
Residential Apparel System #7670,Retail,34.055,Medium,Dark Storage
Vacuum-Sealed Automotive Box #5840,Sports,54.921,Low,Dark Storage
Compact Food & Beverage Gadget #6235,Luxury,15.361,Low,Ventilated
Dustproof Apparel Set #5389,Agriculture,14.527,High,Ventilated
Commercial Agriculture Capsule #6529,Food & Beverage,45.086,High,Sterile
Professional Chemical Sack #6178,Electronics,98.072,Low,Dry Storage
Professional Furniture Unit #296,Furniture,67.963,High,Room Temperature
Residential Automotive Widget #2579,Electronics,70.872,Medium,Humidity Controlled
Portable Electronics Vessel #2660,Retail,27.346,High,Pressurized
Economy Cosmetics Bundle #580,Medical,63.812,Low,Pressurized
Dustproof Electronics Box #4852,Industrial,81.011,Medium,Sterile
Portable Retail Drum #8887,Automotive,70.356,Low,Ventilated
Waterproof Medical Kit #6452,Apparel,49.69,Medium,Dry Storage
Basic Sports Case #6196,Sports,52.531,High,Pressurized
Industrial Chemical Cylinder #9766,Sports,68.581,Medium,Dry Storage
Advanced Automotive Bottle #3762,Furniture,51.467,Medium,Sterile
Dustproof Medical Parcel #7368,Food & Beverage,32.109,High,Room Temperature
Industrial Industrial Cylinder #7347,Toys,58.145,Medium,Pressurized
Residential Electronics Bottle #7545,Sports,76.234,High,Dark Storage
Portable Agriculture Package #7533,Pharmaceuticals,40.558,High,Dry Storage
Industrial Furniture Container #4474,Toys,26.431,High,Ventilated
Standard Automotive Barrel #7250,Apparel,20.616,Low,Frozen
Professional Cosmetics Cylinder #4664,Electronics,68.556,Medium,Refrigerated
Advanced Retail Pack #2091,Pharmaceuticals,23.856,Medium,Refrigerated
Economy Apparel Widget #3086,Pharmaceuticals,11.54,High,Sterile
Vacuum-Sealed Pharmaceuticals Batch #5011,Electronics,63.24,Medium,Refrigerated
Fireproof Toys Component #4447,Toys,87.862,High,Refrigerated
Commercial Pharmaceuticals Component #9599,Pharmaceuticals,92.847,High,Pressurized
Commercial Retail Module #6853,Toys,64.393,High,Refrigerated
Compact Toys Batch #6967,Toys,76.725,Low,Ventilated
Waterproof Medical Canister #8259,Electronics,91.549,Medium,Sterile
Compact Cosmetics Kit #8767,Electronics,87.32,Low,Ventilated
Portable Sports Sack #991,Sports,13.282,Medium,Frozen
Industrial Food & Beverage Component #3371,Sports,55.528,Medium,Pressurized
Standard Cosmetics Crate #780,Sports,89.357,Low,Climate Controlled
Residential Cosmetics Bottle #8518,Luxury,70.673,High,Dark Storage
Dustproof Apparel Jar #3975,Medical,30.448,Medium,Room Temperature
Portable Automotive Shipment #2901,Cosmetics,71.413,Low,Dark Storage
Standard Sports Device #5592,Furniture,32.858,High,Sterile
Residential Retail Envelope #5413,Apparel,86.239,High,Dry Storage
Deluxe Cosmetics Device #9278,Cosmetics,33.898,High,Ventilated
Waterproof Pharmaceuticals Sack #219,Electronics,80.057,Medium,Dry Storage
Professional Chemical Capsule #1448,Agriculture,10.246,Low,Dry Storage
Heavy-Duty Industrial Crate #399,Food & Beverage,32.358,Medium,Room Temperature
Airtight Luxury Widget #471,Medical,84.431,Medium,Ventilated
Professional Toys Barrel #4920,Medical,90.516,Medium,Frozen
Compact Furniture Parcel #9472,Medical,9.452,Medium,Sterile
Airtight Pharmaceuticals Bundle #518,Sports,67.583,High,Dry Storage
Basic Medical Component #6609,Toys,27.457,Medium,Climate Controlled
Commercial Apparel Bottle #9252,Electronics,31.187,High,Pressurized
Airtight Agriculture Pallet #1473,Cosmetics,10.557,Low,Climate Controlled
Dustproof Agriculture Cartridge #3510,Food & Beverage,30.926,Medium,Room Temperature
Lightweight Sports Barrel #948,Medical,91.983,Low,Frozen
Advanced Automotive Case #7545,Luxury,22.759,High,Humidity Controlled
Basic Luxury Package #1600,Retail,5.017,Medium,Pressurized
Dustproof Retail Kit #9496,Furniture,11.472,High,Dark Storage
Airtight Food & Beverage Unit #6319,Retail,93.446,High,Sterile
Shockproof Chemical Gadget #3142,Food & Beverage,74.391,High,Ventilated
Industrial Chemical Assembly #8232,Luxury,87.284,High,Ventilated
Shockproof Sports Pack #6893,Toys,5.438,Low,Dry Storage
Airtight Sports Device #2037,Medical,97.355,High,Climate Controlled
Advanced Sports Gadget #1638,Automotive,42.693,Medium,Climate Controlled
Professional Sports Package #3010,Apparel,97.635,High,Climate Controlled
Compact Retail Assembly #1750,Electronics,91.506,Low,Dark Storage
Waterproof Automotive Pouch #1713,Agriculture,85.637,Medium,Room Temperature
Industrial Toys Canister #1586,Food & Beverage,43.257,Low,Sterile
Lightweight Automotive System #7840,Automotive,48.029,Medium,Pressurized
Professional Electronics Can #698,Medical,20.91,Low,Humidity Controlled
Premium Cosmetics Drum #5125,Sports,94.496,Medium,Ventilated
Vacuum-Sealed Chemical Widget #4538,Agriculture,91.708,High,Frozen
Shockproof Agriculture Pack #2055,Medical,43.974,Low,Pressurized
Premium Industrial Widget #1855,Apparel,96.177,High,Dry Storage
Waterproof Toys System #9586,Agriculture,3.871,High,Refrigerated
Deluxe Toys Kit #1351,Automotive,55.965,High,Climate Controlled
Advanced Luxury Unit #2581,Medical,16.451,Low,Dry Storage
Compact Industrial System #4494,Pharmaceuticals,30.079,Medium,Humidity Controlled
Dustproof Food & Beverage Shipment #1831,Food & Beverage,55.044,High,Climate Controlled
Standard Medical Parcel #1174,Toys,24.819,Medium,Dark Storage
Deluxe Food & Beverage Shipment #6959,Electronics,94.679,Low,Climate Controlled
Heavy-Duty Electronics Container #930,Industrial,79.491,Medium,Climate Controlled
Portable Apparel Device #7812,Apparel,17.751,Low,Humidity Controlled
Advanced Food & Beverage Bottle #6360,Agriculture,63.256,Medium,Pressurized
Waterproof Sports Sack #869,Industrial,65.065,High,Ventilated
Premium Food & Beverage System #3475,Industrial,74.098,High,Refrigerated
Economy Retail Pack #3911,Apparel,6.458,Low,Humidity Controlled
Deluxe Retail Bag #2633,Electronics,94.836,Low,Refrigerated
Industrial Electronics System #161,Toys,66.474,Medium,Sterile
Shockproof Toys Crate #1817,Toys,7.273,Medium,Refrigerated
Advanced Agriculture Gadget #8421,Cosmetics,78.795,Medium,Climate Controlled
Waterproof Industrial Unit #9291,Medical,48.003,High,Room Temperature
Waterproof Luxury Box #2763,Agriculture,59.121,High,Dry Storage
Shockproof Cosmetics Bottle #6631,Agriculture,48.737,Medium,Climate Controlled
Vacuum-Sealed Furniture Shipment #797,Electronics,73.621,Low,Sterile
Professional Electronics Widget #437,Chemical,71.925,Low,Pressurized
Deluxe Cosmetics Capsule #2386,Apparel,28.933,High,Dry Storage
Professional Luxury Lot #3941,Cosmetics,77.088,Low,Frozen
Vacuum-Sealed Cosmetics Batch #2970,Apparel,96.178,High,Humidity Controlled
Lightweight Automotive Bundle #1125,Luxury,74.935,High,Sterile
Deluxe Automotive System #8898,Apparel,70.737,Low,Refrigerated
Heavy-Duty Food & Beverage Crate #9802,Toys,89.08,Medium,Dark Storage
Standard Chemical Barrel #5561,Furniture,46.022,High,Dark Storage
Industrial Pharmaceuticals Package #3019,Apparel,41.445,Low,Room Temperature
Commercial Electronics Barrel #8360,Pharmaceuticals,99.738,High,Dark Storage
Commercial Furniture Crate #2153,Luxury,24.127,Low,Room Temperature
Shockproof Automotive Component #1614,Pharmaceuticals,79.364,Low,Frozen
Deluxe Agriculture Set #516,Medical,69.925,Low,Climate Controlled
Airtight Industrial Parcel #4403,Sports,58.879,Low,Refrigerated
Residential Cosmetics Shipment #7395,Luxury,98.858,High,Ventilated
Shockproof Luxury Set #2357,Apparel,55.417,Medium,Ventilated
Standard Apparel Set #4988,Automotive,61.758,Low,Refrigerated
Airtight Agriculture System #9927,Furniture,86.438,High,Refrigerated
Residential Agriculture Drum #9935,Automotive,15.057,Medium,Climate Controlled
Airtight Apparel Box #2726,Retail,40.42,Medium,Climate Controlled
Basic Luxury Envelope #4031,Electronics,61.716,Low,Dry Storage
Portable Food & Beverage Jar #3985,Chemical,85.849,Low,Ventilated
Portable Chemical Can #3955,Industrial,85.161,Medium,Dark Storage
Shockproof Furniture Module #4393,Luxury,30.786,Medium,Room Temperature
Lightweight Furniture Pallet #6573,Food & Beverage,55.004,Low,Ventilated
Commercial Pharmaceuticals Cartridge #837,Chemical,12.911,Low,Refrigerated
Compact Furniture Component #1190,Sports,58.497,Medium,Dark Storage
Portable Luxury Kit #6473,Luxury,61.273,Medium,Humidity Controlled
Basic Industrial Bundle #329,Sports,75.818,High,Frozen
Compact Automotive Module #8357,Furniture,68.562,Medium,Climate Controlled
Airtight Medical Pack #8833,Chemical,9.359,High,Room Temperature
Dustproof Agriculture Can #3792,Electronics,21.712,High,Humidity Controlled
Premium Electronics Barrel #4955,Electronics,97.283,High,Humidity Controlled
Fireproof Retail Set #338,Automotive,6.448,High,Dry Storage
Advanced Retail System #6450,Retail,93.685,Medium,Climate Controlled
Dustproof Furniture Bottle #3833,Luxury,68.366,High,Dark Storage
Advanced Pharmaceuticals Bundle #5840,Furniture,14.154,High,Pressurized
Professional Food & Beverage Crate #5723,Cosmetics,57.309,Medium,Ventilated
Commercial Cosmetics Can #1690,Chemical,24.196,Low,Refrigerated
Advanced Luxury Device #4392,Industrial,92.523,Medium,Dark Storage
Shockproof Industrial Capsule #2365,Agriculture,73.92,Low,Humidity Controlled
Professional Toys Package #1415,Medical,48.272,High,Dry Storage
Heavy-Duty Pharmaceuticals System #7837,Pharmaceuticals,35.824,Low,Climate Controlled
Standard Luxury Bottle #955,Agriculture,78.189,Medium,Pressurized
Dustproof Medical Pallet #8653,Toys,46.709,Medium,Dry Storage
Premium Toys Barrel #8955,Food & Beverage,13.488,High,Room Temperature
Advanced Chemical Cylinder #1763,Industrial,1.495,Medium,Climate Controlled
Residential Apparel Component #5009,Cosmetics,44.137,High,Dark Storage
Heavy-Duty Toys Canister #4827,Apparel,9.566,Low,Room Temperature
Premium Food & Beverage Canister #4147,Agriculture,52.881,Medium,Pressurized
Economy Sports System #632,Electronics,6.071,High,Pressurized
Residential Chemical Barrel #7873,Furniture,96.506,Low,Climate Controlled
Industrial Medical Bundle #2054,Cosmetics,58.271,Medium,Refrigerated
Heavy-Duty Chemical Capsule #675,Food & Beverage,25.092,Medium,Ventilated
Deluxe Electronics Crate #4937,Toys,41.314,High,Refrigerated
Vacuum-Sealed Apparel Parcel #168,Chemical,1.577,High,Refrigerated
Fireproof Cosmetics Unit #1700,Toys,45.665,Low,Sterile
Vacuum-Sealed Apparel Can #8109,Medical,40.598,High,Humidity Controlled
Compact Pharmaceuticals Vessel #7248,Apparel,30.189,Medium,Ventilated
Shockproof Furniture Set #3377,Retail,5.383,High,Pressurized
Heavy-Duty Pharmaceuticals Gadget #3323,Medical,83.801,Low,Dark Storage
Premium Toys Vessel #6231,Retail,57.861,Low,Dry Storage
Premium Toys Assembly #3104,Luxury,80.883,Low,Humidity Controlled
Shockproof Cosmetics Pouch #6311,Industrial,18.003,High,Dry Storage
Shockproof Apparel Lot #1462,Electronics,40.484,Low,Frozen
Premium Chemical Canister #8992,Cosmetics,5.518,High,Dark Storage
Shockproof Electronics System #4743,Retail,33.591,High,Humidity Controlled
Advanced Luxury Device #2863,Luxury,69.568,High,Humidity Controlled
Waterproof Apparel Gadget #6502,Luxury,83.111,Low,Climate Controlled
Premium Agriculture Pouch #7135,Agriculture,9.648,Medium,Frozen
Advanced Pharmaceuticals Crate #7615,Electronics,40.431,Medium,Room Temperature
Industrial Apparel Can #7118,Food & Beverage,31.572,Medium,Humidity Controlled
Vacuum-Sealed Pharmaceuticals Parcel #248,Agriculture,58.923,Low,Room Temperature
Airtight Automotive Pouch #2595,Food & Beverage,98.312,Medium,Dark Storage
Airtight Toys Gadget #3933,Luxury,25.06,High,Pressurized
Lightweight Apparel Pouch #4361,Pharmaceuticals,12.96,Low,Climate Controlled
Airtight Furniture Can #2896,Electronics,3.248,Medium,Dry Storage
Shockproof Luxury Envelope #975,Retail,97.734,Low,Frozen
Airtight Pharmaceuticals Component #7142,Medical,17.692,Medium,Dark Storage
Advanced Automotive Container #9540,Pharmaceuticals,65.536,Low,Sterile
Basic Toys Canister #8954,Chemical,4.731,Low,Refrigerated
Industrial Pharmaceuticals Crate #7039,Chemical,20.853,High,Climate Controlled
Compact Medical Capsule #366,Cosmetics,22.44,Low,Dry Storage
Heavy-Duty Apparel Kit #9265,Cosmetics,64.21,Medium,Frozen
Vacuum-Sealed Medical Shipment #6151,Toys,37.945,Low,Dry Storage
Standard Apparel Unit #9459,Pharmaceuticals,24.401,High,Climate Controlled
Fireproof Medical Package #3866,Automotive,83.257,Medium,Climate Controlled
Professional Agriculture Sack #9635,Automotive,12.711,Medium,Frozen
Airtight Electronics Bundle #2502,Toys,40.033,Medium,Sterile
Compact Apparel Module #2039,Furniture,42.877,Low,Frozen
Dustproof Furniture Drum #4327,Industrial,58.407,Medium,Dark Storage
Vacuum-Sealed Toys Box #5873,Cosmetics,26.836,High,Room Temperature
Deluxe Cosmetics Cartridge #7564,Agriculture,81.043,Medium,Dry Storage
Advanced Sports Pallet #2210,Apparel,75.06,High,Ventilated
Industrial Retail Package #5640,Medical,90.501,Low,Climate Controlled
Portable Sports Assembly #2269,Medical,57.328,High,Humidity Controlled
Economy Sports Pack #1084,Pharmaceuticals,62.221,Low,Humidity Controlled
Deluxe Cosmetics Gadget #8563,Apparel,83.5,Low,Humidity Controlled
Industrial Automotive System #8745,Agriculture,17.839,Medium,Dark Storage
Advanced Toys Batch #7208,Automotive,81.426,High,Refrigerated
Industrial Electronics Gadget #9456,Industrial,48.844,Medium,Frozen
Fireproof Medical Sack #2388,Automotive,78.775,High,Pressurized
Residential Pharmaceuticals Vessel #6739,Electronics,61.997,Medium,Dark Storage
Basic Industrial Unit #3147,Industrial,10.612,Medium,Humidity Controlled
Compact Toys Crate #2257,Cosmetics,24.996,High,Humidity Controlled
Vacuum-Sealed Electronics Pack #2024,Pharmaceuticals,28.926,Medium,Climate Controlled
Heavy-Duty Cosmetics Cartridge #3597,Luxury,76.492,Medium,Humidity Controlled
Lightweight Electronics Barrel #7860,Medical,23.409,Low,Pressurized
Fireproof Pharmaceuticals Canister #5263,Sports,69.904,High,Dark Storage
Vacuum-Sealed Furniture Envelope #4517,Pharmaceuticals,76.213,High,Pressurized
Airtight Apparel Bundle #782,Luxury,33.974,Low,Frozen
Airtight Retail Envelope #9183,Industrial,20.335,High,Dark Storage
Basic Retail Envelope #1778,Furniture,92.386,Low,Climate Controlled
Industrial Furniture Envelope #9872,Food & Beverage,33.942,Low,Frozen
Economy Electronics Cylinder #1991,Medical,45.821,High,Dark Storage
Economy Agriculture Bundle #3665,Cosmetics,74.52,High,Dry Storage
Residential Apparel Container #981,Automotive,27.218,High,Climate Controlled
Portable Furniture Case #2942,Apparel,54.898,High,Dark Storage
Waterproof Industrial Canister #7826,Cosmetics,66.909,Low,Dark Storage
Deluxe Luxury Capsule #8270,Chemical,10.217,High,Pressurized
Vacuum-Sealed Medical Capsule #7229,Pharmaceuticals,29.674,Medium,Sterile
Premium Luxury Set #7424,Medical,23.713,High,Pressurized
Fireproof Automotive Bundle #5780,Chemical,65.762,Medium,Refrigerated
Professional Food & Beverage Sack #3204,Automotive,86.058,High,Pressurized
Shockproof Toys Bag #8864,Food & Beverage,10.24,High,Dry Storage
Commercial Automotive Bag #2576,Agriculture,46.244,Low,Dry Storage
Dustproof Toys Widget #9853,Electronics,49.761,Low,Ventilated
Industrial Toys Crate #1200,Pharmaceuticals,38.016,Medium,Frozen
Economy Electronics Bottle #3372,Chemical,83.027,Low,Refrigerated
Standard Retail Drum #3514,Industrial,53.677,Medium,Ventilated
Compact Electronics Widget #9478,Toys,90.393,Low,Pressurized
Dustproof Retail Bag #6650,Luxury,14.08,High,Climate Controlled
Portable Food & Beverage Sack #9482,Sports,20.88,Low,Refrigerated
Dustproof Retail Pallet #2208,Industrial,39.883,Low,Sterile
Fireproof Food & Beverage Pallet #7728,Chemical,29.855,Medium,Dark Storage
Advanced Sports Box #470,Pharmaceuticals,32.399,Medium,Frozen
Deluxe Chemical Sack #9189,Agriculture,57.857,High,Frozen
Vacuum-Sealed Retail Pouch #8927,Apparel,84.261,Medium,Humidity Controlled
Commercial Medical Vessel #4533,Chemical,40.605,Low,Sterile
Shockproof Apparel Batch #2194,Food & Beverage,46.055,High,Sterile
Basic Toys Component #9033,Retail,80.672,High,Climate Controlled
Heavy-Duty Pharmaceuticals Can #5029,Electronics,21.602,High,Climate Controlled
Basic Food & Beverage Cylinder #6753,Toys,84.663,Low,Refrigerated
Economy Agriculture Bag #4014,Pharmaceuticals,64.239,High,Dark Storage
Premium Luxury Container #306,Agriculture,29.284,Medium,Refrigerated
Portable Sports Can #3750,Sports,41.059,High,Room Temperature
Dustproof Agriculture System #9078,Apparel,68.225,High,Dry Storage
Waterproof Food & Beverage Package #6887,Cosmetics,32.931,High,Refrigerated
Fireproof Furniture Widget #4307,Electronics,10.577,Medium,Refrigerated
Advanced Toys Device #267,Pharmaceuticals,35.055,High,Room Temperature
Portable Luxury Unit #2322,Food & Beverage,40.195,High,Dry Storage
Economy Medical Parcel #9530,Sports,60.203,High,Sterile
Lightweight Pharmaceuticals Vessel #268,Electronics,76.166,Low,Dry Storage
Commercial Food & Beverage Capsule #422,Cosmetics,23.239,Medium,Dry Storage
Residential Furniture Device #6925,Furniture,91.772,Medium,Ventilated
Premium Apparel Set #5370,Medical,80.031,High,Climate Controlled
Compact Pharmaceuticals Pouch #372,Toys,79.477,Medium,Room Temperature
Fireproof Toys Bundle #1525,Retail,56.379,High,Climate Controlled
Professional Industrial Crate #7880,Food & Beverage,72.864,Low,Dark Storage
Advanced Luxury Container #4581,Furniture,60.089,Low,Refrigerated
Standard Pharmaceuticals Component #9300,Industrial,90.88,Low,Refrigerated
Vacuum-Sealed Retail Pack #1826,Apparel,1.141,Medium,Sterile
Airtight Electronics Kit #5326,Medical,71.067,High,Refrigerated
Deluxe Industrial Package #401,Chemical,2.589,Medium,Frozen
Shockproof Industrial Lot #4736,Luxury,91.194,Low,Pressurized
Airtight Agriculture Device #6615,Toys,83.096,Medium,Dark Storage
Deluxe Sports Pack #861,Luxury,11.995,High,Room Temperature
Economy Automotive Capsule #6383,Agriculture,96.485,High,Sterile
Commercial Pharmaceuticals Jar #5947,Electronics,24.72,Low,Refrigerated
Commercial Sports Widget #9029,Retail,76.994,Medium,Pressurized
Basic Toys Device #5779,Luxury,74.298,Medium,Climate Controlled
Premium Sports Jar #8920,Toys,26.187,Low,Room Temperature
Portable Apparel Barrel #4316,Cosmetics,31.993,Low,Dark Storage
Basic Agriculture Sack #3479,Electronics,69.566,High,Refrigerated
Shockproof Retail Can #8579,Furniture,83.75,High,Refrigerated
Industrial Electronics Drum #6344,Cosmetics,92.086,Medium,Room Temperature
Basic Furniture Can #9201,Food & Beverage,32.46,Medium,Refrigerated
Dustproof Toys Capsule #7260,Retail,70.219,Low,Ventilated
Fireproof Industrial Cylinder #3839,Food & Beverage,20.407,Low,Refrigerated
Shockproof Luxury Crate #262,Sports,68.216,Low,Frozen
Compact Cosmetics System #7089,Industrial,90.631,High,Room Temperature
Lightweight Electronics Pouch #8383,Pharmaceuticals,97.068,High,Pressurized
Industrial Medical Crate #797,Chemical,65.555,Medium,Refrigerated
Vacuum-Sealed Agriculture Canister #9229,Food & Beverage,13.339,High,Ventilated
Basic Automotive Cartridge #5796,Retail,63.237,Medium,Frozen
Basic Medical Batch #9860,Luxury,48.509,High,Refrigerated
Premium Pharmaceuticals Sack #8559,Chemical,92.951,Low,Dark Storage
Industrial Automotive Sack #4173,Furniture,84.928,Medium,Ventilated
Residential Automotive Pallet #3584,Apparel,29.527,Medium,Dry Storage
Waterproof Medical Bag #6462,Sports,7.268,High,Refrigerated
Residential Food & Beverage Envelope #3710,Electronics,91.805,Medium,Climate Controlled
Economy Pharmaceuticals Pouch #3688,Sports,97.066,High,Dark Storage
Dustproof Pharmaceuticals Widget #8134,Food & Beverage,78.267,Medium,Frozen
Lightweight Pharmaceuticals Sack #4258,Cosmetics,64.177,Low,Humidity Controlled
Fireproof Electronics Pouch #5259,Industrial,87.71,Low,Dry Storage
Compact Pharmaceuticals Crate #2230,Food & Beverage,92.016,Low,Humidity Controlled
Dustproof Toys Bottle #870,Electronics,41.155,High,Dark Storage
Professional Apparel Bundle #5885,Medical,18.636,Low,Dark Storage
Heavy-Duty Pharmaceuticals Device #1832,Toys,25.402,Medium,Humidity Controlled
Industrial Medical Jar #882,Pharmaceuticals,99.834,Low,Ventilated
Dustproof Furniture Envelope #8217,Agriculture,31.258,Low,Room Temperature
Vacuum-Sealed Sports Widget #1946,Pharmaceuticals,63.336,Medium,Ventilated
Economy Agriculture Barrel #9665,Agriculture,80.892,High,Ventilated
Fireproof Apparel Assembly #2793,Sports,54.326,High,Sterile
Commercial Furniture Shipment #6587,Industrial,52.108,Medium,Dark Storage
Heavy-Duty Pharmaceuticals Shipment #1909,Apparel,60.49,High,Sterile
Waterproof Medical Unit #2970,Sports,22.168,Low,Room Temperature
Airtight Pharmaceuticals Canister #397,Automotive,10.686,High,Humidity Controlled
Residential Retail Case #653,Apparel,45.197,High,Dark Storage
Standard Retail Parcel #7335,Cosmetics,36.625,High,Climate Controlled
Dustproof Chemical Pack #5353,Luxury,14.65,Low,Ventilated
Advanced Toys Bag #7885,Medical,72.469,Medium,Frozen
Professional Agriculture Cylinder #8208,Apparel,40.48,High,Humidity Controlled
Premium Apparel Box #6623,Apparel,36.759,Medium,Dark Storage
Commercial Automotive Shipment #9454,Retail,0.899,Low,Room Temperature
Standard Industrial Case #4943,Food & Beverage,29.477,High,Climate Controlled
Lightweight Pharmaceuticals Bag #6727,Food & Beverage,83.899,Low,Dark Storage
Basic Agriculture Shipment #5539,Toys,64.863,Medium,Frozen
Heavy-Duty Cosmetics Container #5506,Industrial,4.148,High,Pressurized
Economy Luxury Device #1817,Furniture,77.825,Low,Room Temperature
Dustproof Automotive Widget #7779,Electronics,96.845,Medium,Dark Storage
Portable Electronics Case #2514,Toys,59.991,High,Climate Controlled
Professional Apparel Capsule #1576,Chemical,75.994,Medium,Frozen
Basic Luxury Cylinder #7070,Toys,14.158,Medium,Dark Storage
Vacuum-Sealed Agriculture Bottle #4095,Pharmaceuticals,19.298,High,Refrigerated
Waterproof Electronics Box #258,Food & Beverage,35.182,High,Frozen
Advanced Chemical Unit #3987,Pharmaceuticals,23.014,High,Frozen
Airtight Apparel Barrel #1063,Pharmaceuticals,17.581,Low,Climate Controlled
Heavy-Duty Toys Widget #5618,Electronics,53.651,Medium,Humidity Controlled
Economy Cosmetics Batch #8638,Retail,15.639,Low,Humidity Controlled
Premium Toys Shipment #6275,Sports,59.146,Medium,Room Temperature
Heavy-Duty Apparel Parcel #2516,Electronics,27.365,Low,Pressurized
Residential Industrial Set #2759,Industrial,45.292,Low,Dry Storage
Compact Sports Container #2016,Automotive,89.002,Low,Refrigerated
Vacuum-Sealed Toys Jar #5359,Luxury,24.703,High,Room Temperature
Lightweight Apparel Box #176,Retail,85.314,Medium,Dry Storage
Commercial Luxury Parcel #8674,Automotive,96.721,Medium,Frozen
Commercial Toys Bag #7111,Pharmaceuticals,76.638,High,Sterile
Heavy-Duty Apparel Lot #5508,Pharmaceuticals,92.361,Low,Dark Storage
Basic Sports Module #6004,Industrial,11.854,High,Humidity Controlled
Standard Apparel Can #3281,Furniture,55.697,Low,Sterile
Commercial Toys Pallet #480,Chemical,46.49,Low,Room Temperature
Vacuum-Sealed Food & Beverage Gadget #4724,Pharmaceuticals,92.671,Low,Refrigerated
Industrial Electronics Component #4173,Electronics,89.506,Low,Sterile
Commercial Apparel Drum #485,Industrial,91.012,High,Humidity Controlled
Premium Apparel Component #9401,Cosmetics,30.198,High,Humidity Controlled
Airtight Industrial Kit #8977,Retail,75.93,High,Refrigerated
Deluxe Medical Assembly #8178,Luxury,65.613,Medium,Ventilated
Compact Industrial Capsule #7968,Toys,41.058,Medium,Climate Controlled
Waterproof Toys Bundle #8557,Agriculture,88.39,Low,Pressurized
Waterproof Food & Beverage Capsule #1333,Electronics,17.611,High,Pressurized
Economy Chemical Bundle #5463,Medical,55.591,High,Dry Storage
Premium Furniture Shipment #2574,Electronics,38.614,Medium,Ventilated
Portable Furniture Case #8486,Luxury,55.969,High,Room Temperature
Compact Automotive Shipment #1881,Medical,99.539,Medium,Pressurized
Economy Electronics Package #3524,Sports,77.334,High,Frozen
Fireproof Medical Module #6487,Food & Beverage,22.27,High,Sterile
Waterproof Cosmetics Pallet #5012,Agriculture,90.5,Medium,Climate Controlled
Professional Electronics Sack #6591,Luxury,91.779,Low,Dark Storage
Heavy-Duty Chemical Set #5912,Sports,57.613,Medium,Humidity Controlled
Heavy-Duty Electronics Module #7969,Toys,32.384,Medium,Ventilated
Dustproof Medical Bundle #4949,Chemical,37.271,High,Climate Controlled
Deluxe Apparel Jar #7937,Agriculture,76.839,High,Climate Controlled
Industrial Medical Bottle #9713,Pharmaceuticals,57.634,High,Room Temperature
Waterproof Retail Widget #4213,Retail,41.968,Medium,Sterile
Airtight Electronics System #3644,Medical,4.979,Medium,Humidity Controlled
Premium Cosmetics Bottle #8306,Luxury,15.407,High,Pressurized
Economy Agriculture Lot #5812,Apparel,1.576,Low,Room Temperature
Heavy-Duty Toys System #3951,Apparel,33.223,Medium,Dry Storage
Fireproof Furniture Pouch #3318,Cosmetics,45.289,Medium,Humidity Controlled
Advanced Retail Cartridge #3571,Furniture,89.379,Low,Dark Storage
Compact Retail Vessel #2251,Automotive,14.476,Medium,Refrigerated
Commercial Sports Assembly #3624,Luxury,22.345,High,Pressurized
Waterproof Agriculture Unit #3814,Food & Beverage,29.954,High,Room Temperature
Fireproof Cosmetics Pallet #7017,Pharmaceuticals,35.836,High,Room Temperature
Professional Cosmetics Pallet #5091,Toys,28.107,Medium,Dark Storage
Shockproof Industrial Crate #6376,Sports,61.417,High,Sterile
Residential Agriculture Box #853,Retail,39.837,Medium,Climate Controlled
Lightweight Cosmetics Envelope #3561,Furniture,77.41,Medium,Frozen
Residential Industrial Cylinder #4578,Automotive,80.29,Low,Pressurized
Lightweight Chemical Assembly #8460,Industrial,67.564,Low,Frozen
Shockproof Chemical Batch #8358,Luxury,25.128,Low,Climate Controlled
Basic Pharmaceuticals Device #4004,Toys,0.576,Low,Climate Controlled
Standard Agriculture Gadget #705,Food & Beverage,45.491,Low,Climate Controlled
Portable Retail Package #5008,Food & Beverage,72.043,Medium,Dry Storage
Portable Agriculture Lot #9086,Retail,39.892,Low,Humidity Controlled
Premium Retail Component #8200,Toys,33.87,Medium,Climate Controlled
Residential Sports Shipment #4712,Retail,95.673,Low,Dark Storage
Deluxe Automotive Widget #3965,Pharmaceuticals,83.426,High,Dark Storage
Heavy-Duty Cosmetics Cartridge #8713,Electronics,16.299,Low,Humidity Controlled
Deluxe Retail Module #7715,Furniture,6.237,Low,Dry Storage
Industrial Agriculture Cartridge #6707,Medical,14.525,Medium,Sterile
Premium Cosmetics Case #2144,Industrial,35.948,Low,Refrigerated
Advanced Agriculture Unit #2984,Automotive,64.04,Low,Pressurized
Commercial Chemical Drum #1238,Apparel,22.713,Medium,Room Temperature
Lightweight Sports Cartridge #1307,Luxury,82.831,High,Dark Storage
Airtight Furniture Vessel #9443,Apparel,18.464,High,Sterile
Premium Automotive Barrel #6245,Sports,9.156,Low,Refrigerated
Lightweight Electronics Device #1951,Furniture,29.62,Low,Sterile
Fireproof Retail Envelope #9688,Pharmaceuticals,82.939,Low,Climate Controlled
Industrial Food & Beverage Drum #1685,Food & Beverage,40.786,High,Frozen
Commercial Luxury Set #8472,Luxury,12.01,High,Dry Storage
Commercial Apparel Barrel #4059,Sports,17.692,Medium,Dark Storage
Commercial Retail Set #3064,Sports,21.071,Low,Dark Storage
Vacuum-Sealed Chemical Gadget #8486,Cosmetics,98.622,Medium,Room Temperature
Economy Cosmetics Gadget #8733,Cosmetics,12.199,Low,Sterile
Standard Agriculture Gadget #3894,Pharmaceuticals,50.061,Medium,Pressurized
Airtight Chemical Package #8836,Chemical,93.768,Medium,Room Temperature
Deluxe Apparel Assembly #4854,Pharmaceuticals,15.207,Medium,Refrigerated
Premium Chemical Lot #1417,Medical,58.545,Low,Sterile
Compact Luxury Canister #1527,Cosmetics,64.334,Low,Humidity Controlled
Waterproof Medical Envelope #8407,Sports,22.647,High,Ventilated
Professional Agriculture Lot #3978,Food & Beverage,60.41,Low,Room Temperature
Premium Chemical Box #7349,Medical,2.266,High,Sterile
Professional Medical Device #5751,Medical,34.225,Low,Dark Storage
Portable Industrial Can #2635,Pharmaceuticals,18.502,Medium,Dark Storage
Commercial Cosmetics Capsule #5442,Agriculture,71.822,Medium,Ventilated
Portable Retail Gadget #5059,Food & Beverage,51.461,Medium,Humidity Controlled
Professional Industrial Widget #9190,Sports,30.98,High,Ventilated
Deluxe Industrial Assembly #3995,Sports,99.75,Low,Dry Storage
Fireproof Automotive Pallet #1348,Electronics,28.637,Medium,Dry Storage
Deluxe Industrial Shipment #9362,Pharmaceuticals,74.316,Low,Dark Storage
Fireproof Toys Pallet #2870,Medical,62.79,Medium,Pressurized
Dustproof Agriculture Package #4136,Chemical,7.639,Medium,Dark Storage
Vacuum-Sealed Food & Beverage Unit #1565,Industrial,44.165,Medium,Dry Storage
Portable Electronics Widget #7659,Furniture,1.384,High,Refrigerated
Heavy-Duty Industrial Widget #5714,Sports,29.641,Medium,Dry Storage
Dustproof Apparel Shipment #4666,Medical,61.466,Low,Refrigerated
Premium Automotive Widget #7716,Medical,45.191,Medium,Dark Storage
Vacuum-Sealed Cosmetics Bundle #1007,Apparel,71.179,Medium,Room Temperature
Waterproof Apparel Bundle #916,Automotive,17.762,Medium,Dark Storage
Industrial Automotive Box #2278,Food & Beverage,12.59,High,Frozen
Airtight Apparel Package #5461,Toys,8.745,High,Humidity Controlled
Deluxe Cosmetics Pouch #2337,Furniture,54.789,Medium,Refrigerated
Shockproof Medical Bottle #8348,Chemical,72.164,Low,Frozen
Commercial Pharmaceuticals Parcel #900,Pharmaceuticals,24.666,High,Refrigerated
Basic Agriculture Batch #1724,Apparel,47.898,High,Ventilated
Vacuum-Sealed Toys Vessel #6664,Electronics,38.7,Medium,Dark Storage
Fireproof Electronics Crate #5259,Cosmetics,33.596,Low,Frozen
Deluxe Electronics Crate #5194,Cosmetics,68.427,Low,Pressurized
Airtight Furniture Case #8843,Automotive,58.619,Low,Frozen
Shockproof Food & Beverage Component #4230,Apparel,81.892,High,Climate Controlled
Premium Toys Pack #9840,Medical,51.312,Medium,Dry Storage
Vacuum-Sealed Cosmetics Bag #2283,Luxury,49.848,Low,Climate Controlled
Basic Apparel Crate #6139,Retail,15.307,Medium,Dry Storage
Vacuum-Sealed Automotive Crate #9949,Electronics,4.1,High,Dry Storage
Standard Apparel Case #1511,Furniture,83.035,Low,Sterile
Heavy-Duty Pharmaceuticals Pallet #6775,Chemical,53.834,High,Frozen
Premium Industrial Kit #5751,Retail,24.405,High,Refrigerated
Advanced Apparel Shipment #5904,Cosmetics,14.406,Medium,Humidity Controlled
Dustproof Automotive Canister #3465,Sports,65.905,High,Dark Storage
Residential Agriculture Lot #7653,Apparel,61.299,Low,Ventilated
Industrial Medical Vessel #5364,Chemical,96.448,High,Climate Controlled
Advanced Furniture Module #4770,Food & Beverage,49.14,High,Dry Storage
Compact Apparel Pouch #2077,Chemical,68.333,Medium,Humidity Controlled
Airtight Industrial Box #7982,Sports,7.251,Medium,Dry Storage
Vacuum-Sealed Food & Beverage Canister #2466,Luxury,52.427,Low,Refrigerated
Industrial Pharmaceuticals Lot #207,Food & Beverage,77.916,High,Room Temperature
Industrial Food & Beverage Can #5229,Retail,38.845,Medium,Frozen
Premium Toys Lot #8337,Agriculture,42.854,Medium,Frozen
Basic Food & Beverage Bag #3483,Apparel,44.567,Low,Humidity Controlled
Heavy-Duty Medical Box #4541,Food & Beverage,80.568,Medium,Frozen
Vacuum-Sealed Apparel Pallet #2889,Industrial,31.661,Medium,Dry Storage
Commercial Apparel Jar #5592,Chemical,90.968,Medium,Humidity Controlled
Professional Industrial Crate #4344,Medical,39.286,Medium,Sterile
Portable Furniture Widget #1440,Furniture,97.745,Medium,Pressurized
Basic Agriculture Sack #2688,Furniture,51.18,High,Dark Storage
Waterproof Pharmaceuticals Device #6815,Pharmaceuticals,16.552,High,Climate Controlled
Shockproof Luxury Bag #419,Agriculture,36.824,Low,Room Temperature
Compact Luxury Canister #4002,Industrial,40.739,Low,Humidity Controlled
Dustproof Apparel Crate #5020,Electronics,95.862,High,Frozen
Vacuum-Sealed Apparel Parcel #3123,Sports,41.939,Medium,Pressurized
Deluxe Pharmaceuticals Barrel #9327,Luxury,33.447,Low,Frozen
Commercial Medical Cartridge #1540,Retail,67.25,Medium,Frozen
Lightweight Furniture System #1917,Chemical,44.786,Medium,Ventilated
Commercial Industrial Barrel #9110,Pharmaceuticals,59.768,Low,Humidity Controlled
Heavy-Duty Sports Pack #7091,Agriculture,2.276,Medium,Sterile
Portable Chemical Jar #8618,Chemical,21.63,High,Climate Controlled
Waterproof Automotive Parcel #6074,Retail,13.934,Low,Sterile
Portable Furniture Cylinder #4489,Food & Beverage,30.186,High,Humidity Controlled
Fireproof Retail Bottle #3814,Luxury,0.537,Low,Dry Storage
Deluxe Toys Envelope #7331,Industrial,89.309,Medium,Pressurized
Vacuum-Sealed Agriculture Case #3784,Retail,68.988,High,Room Temperature
Shockproof Industrial Parcel #4618,Industrial,91.08,Medium,Sterile
Fireproof Toys System #2322,Furniture,85.811,Low,Humidity Controlled
Portable Sports Module #3348,Food & Beverage,86.415,Medium,Room Temperature
Airtight Pharmaceuticals Cartridge #594,Furniture,2.52,Low,Sterile
Residential Industrial Pouch #2074,Toys,13.482,Medium,Ventilated
Premium Apparel Jar #4896,Toys,68.095,Low,Dry Storage
Shockproof Furniture Sack #5654,Cosmetics,44.526,High,Frozen
Economy Chemical Crate #2768,Agriculture,5.704,High,Climate Controlled
Shockproof Automotive Unit #5154,Automotive,6.497,Medium,Ventilated
Dustproof Electronics Module #8008,Apparel,76.617,Medium,Room Temperature
Professional Cosmetics Jar #1088,Apparel,19.793,High,Dry Storage
Vacuum-Sealed Chemical Batch #4123,Medical,14.148,High,Dark Storage
Residential Cosmetics Case #6588,Cosmetics,0.534,Low,Frozen
Advanced Chemical Bundle #1373,Luxury,79.398,Low,Room Temperature
Vacuum-Sealed Apparel Unit #594,Retail,94.92,Low,Pressurized
Standard Retail Bundle #9286,Industrial,50.388,Medium,Frozen
Premium Industrial Envelope #3690,Apparel,81.729,High,Dry Storage
Premium Luxury Bag #2827,Cosmetics,99.286,Low,Dark Storage
Airtight Electronics System #8570,Retail,45.191,High,Dark Storage
Residential Pharmaceuticals Cartridge #4930,Electronics,94.705,High,Frozen
Deluxe Toys Unit #9857,Agriculture,54.072,Medium,Ventilated
Shockproof Electronics Box #1057,Agriculture,74.033,Low,Dry Storage
Portable Electronics Container #6095,Apparel,0.972,Medium,Climate Controlled
Economy Retail Bottle #4502,Sports,91.744,Medium,Sterile
Industrial Automotive Shipment #5358,Pharmaceuticals,2.5,Medium,Dark Storage
Airtight Apparel Capsule #8061,Industrial,56.869,Low,Refrigerated
Heavy-Duty Automotive Widget #3902,Retail,18.861,Medium,Sterile
Commercial Medical Module #298,Automotive,76.383,Low,Sterile
Commercial Automotive Widget #516,Luxury,21.593,Low,Room Temperature
Deluxe Agriculture Case #238,Food & Beverage,10.917,Medium,Climate Controlled
Airtight Sports Crate #1169,Apparel,11.061,Medium,Pressurized
Airtight Toys Pack #1220,Agriculture,69.123,High,Room Temperature
Compact Electronics Widget #110,Toys,87.79,Low,Pressurized
Compact Industrial Pallet #6884,Agriculture,51.006,High,Room Temperature
Basic Automotive Component #7191,Industrial,25.603,Low,Room Temperature
Fireproof Electronics Drum #7373,Industrial,6.237,Low,Refrigerated
Standard Luxury Barrel #885,Automotive,40.626,High,Humidity Controlled
Shockproof Industrial Parcel #5211,Food & Beverage,68.742,Medium,Dry Storage
Compact Furniture Pallet #538,Toys,63.467,Low,Climate Controlled
Compact Automotive Package #1934,Toys,64.608,Medium,Climate Controlled
Fireproof Chemical Set #6850,Furniture,32.04,High,Room Temperature
Standard Apparel Package #804,Cosmetics,4.302,High,Room Temperature
Residential Luxury Bundle #2464,Food & Beverage,92.225,High,Humidity Controlled
Compact Furniture Component #4991,Apparel,28.255,Low,Ventilated
Dustproof Sports System #3054,Retail,81.583,High,Climate Controlled
Heavy-Duty Industrial Jar #4813,Electronics,9.212,High,Room Temperature
Lightweight Chemical Assembly #6981,Pharmaceuticals,88.869,High,Refrigerated
Advanced Apparel Component #4663,Apparel,89.756,High,Pressurized
Airtight Pharmaceuticals Kit #2032,Medical,70.358,Medium,Refrigerated
Standard Food & Beverage Bundle #2737,Apparel,9.432,Medium,Pressurized
Dustproof Toys Widget #3742,Luxury,38.987,High,Dark Storage
Advanced Toys Envelope #4658,Food & Beverage,8.61,High,Ventilated
Dustproof Retail Can #8132,Retail,83.177,Medium,Humidity Controlled
Vacuum-Sealed Industrial Device #4344,Sports,73.611,High,Dry Storage
Advanced Medical Vessel #4903,Medical,20.001,Medium,Refrigerated
Professional Retail Gadget #6728,Furniture,86.992,High,Humidity Controlled
Airtight Industrial Device #7761,Retail,2.906,High,Dry Storage
Waterproof Cosmetics Pack #6380,Automotive,19.04,Medium,Pressurized
Compact Retail Case #1936,Food & Beverage,58.847,Medium,Humidity Controlled
Deluxe Retail Package #3739,Furniture,70.588,High,Humidity Controlled
Professional Chemical Vessel #297,Cosmetics,36.538,Low,Dry Storage
Advanced Agriculture Envelope #8352,Sports,65.648,High,Frozen
Professional Agriculture Cylinder #6215,Industrial,16.006,Medium,Frozen
Industrial Medical Set #7690,Food & Beverage,46.866,High,Ventilated
Premium Luxury Kit #4911,Automotive,56.0,Low,Humidity Controlled
Heavy-Duty Sports Sack #8766,Toys,81.457,Medium,Dark Storage
Advanced Toys Capsule #4239,Toys,48.539,Low,Room Temperature
Basic Furniture Sack #710,Retail,87.51,Low,Room Temperature
Residential Industrial Crate #1333,Pharmaceuticals,78.89,Medium,Dry Storage
Residential Retail Package #1446,Pharmaceuticals,90.105,Medium,Frozen
Vacuum-Sealed Chemical Module #7820,Furniture,75.42,Medium,Sterile
Shockproof Electronics Crate #5517,Toys,81.131,Low,Climate Controlled
Basic Sports Can #5185,Automotive,7.056,Medium,Room Temperature
Heavy-Duty Pharmaceuticals Canister #2318,Pharmaceuticals,32.062,High,Humidity Controlled
Premium Sports Pallet #835,Industrial,42.704,Low,Room Temperature
Commercial Furniture Cartridge #7752,Chemical,54.482,Low,Room Temperature
Residential Pharmaceuticals Vessel #9954,Toys,91.618,Medium,Frozen
Industrial Food & Beverage Barrel #1674,Luxury,72.234,Low,Ventilated
Commercial Sports Assembly #4767,Chemical,82.882,High,Frozen
Heavy-Duty Apparel Bag #2366,Furniture,79.356,Medium,Ventilated
Airtight Chemical Bundle #8438,Luxury,74.715,Low,Refrigerated
Waterproof Retail Cartridge #1294,Luxury,76.02,Medium,Frozen
Heavy-Duty Medical Unit #8159,Automotive,12.914,High,Ventilated
Deluxe Furniture Parcel #2754,Medical,50.445,Medium,Dry Storage
Portable Chemical Capsule #3532,Electronics,78.045,Low,Room Temperature
Airtight Industrial Vessel #9635,Furniture,90.749,Low,Refrigerated
Shockproof Apparel Component #4276,Electronics,82.745,High,Climate Controlled
Basic Food & Beverage Unit #1059,Pharmaceuticals,19.427,High,Climate Controlled
Residential Industrial Unit #6969,Furniture,21.739,High,Room Temperature
Advanced Automotive Pack #3252,Automotive,73.912,Medium,Ventilated
Lightweight Cosmetics Bottle #8331,Furniture,9.484,High,Dark Storage
Professional Retail Bundle #1102,Luxury,12.119,High,Sterile
Heavy-Duty Pharmaceuticals Case #1042,Medical,47.526,Medium,Humidity Controlled
Lightweight Medical Batch #4434,Agriculture,61.03,Medium,Dark Storage
Heavy-Duty Electronics Barrel #8445,Apparel,76.99,Medium,Climate Controlled
Professional Cosmetics Kit #6575,Electronics,60.765,High,Dark Storage
Fireproof Retail Drum #2226,Toys,85.484,Low,Climate Controlled
Lightweight Electronics System #4343,Chemical,26.675,Low,Sterile
Premium Cosmetics Cylinder #5370,Agriculture,36.728,Low,Climate Controlled
Dustproof Toys Jar #123,Pharmaceuticals,98.643,Medium,Humidity Controlled
Fireproof Agriculture Component #7951,Cosmetics,78.055,High,Dry Storage
Portable Furniture Pack #2823,Agriculture,18.312,Low,Sterile
Deluxe Retail Jar #1036,Food & Beverage,76.048,Low,Sterile
Fireproof Apparel Pack #4535,Agriculture,1.427,Low,Humidity Controlled
Professional Pharmaceuticals Assembly #9863,Agriculture,28.523,High,Dry Storage
Standard Pharmaceuticals Cartridge #8999,Apparel,5.102,Low,Humidity Controlled
Advanced Automotive Container #1201,Furniture,78.88,High,Refrigerated
Advanced Furniture Bottle #8994,Food & Beverage,90.797,Medium,Room Temperature
Standard Cosmetics Bundle #7935,Agriculture,70.24,Low,Refrigerated
Economy Apparel Unit #9051,Apparel,70.913,Low,Dark Storage
Professional Luxury Vessel #3053,Electronics,3.17,Low,Frozen
Basic Medical Sack #3102,Apparel,34.93,High,Dry Storage
Waterproof Medical Box #3489,Medical,26.239,Medium,Humidity Controlled
Standard Industrial Batch #6368,Sports,45.626,High,Dry Storage
Shockproof Furniture Widget #2354,Cosmetics,31.933,High,Pressurized
Professional Furniture Module #7633,Agriculture,20.781,Medium,Refrigerated
Dustproof Furniture Pack #2066,Sports,18.77,Medium,Sterile
Deluxe Furniture Gadget #3435,Apparel,47.252,Low,Climate Controlled
Residential Sports Envelope #8019,Apparel,24.322,High,Pressurized
Advanced Cosmetics Capsule #9298,Luxury,41.375,High,Dark Storage
Fireproof Sports Cartridge #9393,Retail,28.435,Low,Frozen
Waterproof Apparel Pack #2561,Electronics,87.672,Low,Ventilated
Shockproof Chemical Batch #9922,Agriculture,13.957,High,Dark Storage
Shockproof Chemical Package #438,Apparel,36.55,High,Frozen
Advanced Chemical Widget #320,Industrial,39.345,Medium,Climate Controlled
Shockproof Cosmetics Bag #3540,Retail,88.908,Low,Ventilated
Lightweight Toys Module #6677,Medical,12.941,Low,Room Temperature
Vacuum-Sealed Food & Beverage Drum #7449,Chemical,3.535,High,Frozen
Fireproof Electronics Cylinder #1081,Electronics,54.656,High,Room Temperature
Portable Industrial Container #3001,Food & Beverage,30.489,High,Dark Storage
Fireproof Electronics Pouch #7168,Chemical,1.845,Low,Sterile
Heavy-Duty Apparel Sack #9827,Electronics,55.992,Medium,Climate Controlled
Industrial Luxury Crate #6884,Cosmetics,82.408,Medium,Refrigerated
Vacuum-Sealed Medical Component #9383,Apparel,95.44,Low,Room Temperature
Basic Furniture Cylinder #3444,Luxury,64.532,High,Dry Storage
Industrial Furniture Widget #6792,Cosmetics,32.095,Medium,Dry Storage
Deluxe Retail Pallet #999,Apparel,59.867,Low,Room Temperature
Heavy-Duty Furniture Batch #744,Food & Beverage,90.717,Low,Room Temperature
Premium Retail Component #2877,Sports,5.336,High,Sterile
Dustproof Chemical Can #5865,Cosmetics,6.69,Medium,Pressurized
Lightweight Automotive Component #4882,Food & Beverage,72.739,Medium,Pressurized
Standard Luxury Bottle #698,Electronics,17.432,High,Dry Storage
Residential Automotive Parcel #594,Automotive,69.932,Medium,Refrigerated
Commercial Apparel Crate #7335,Automotive,54.421,High,Frozen
Vacuum-Sealed Toys Component #4722,Sports,68.326,High,Dry Storage
Premium Automotive Set #3066,Electronics,92.354,High,Dry Storage
Compact Furniture Barrel #4175,Medical,44.404,Medium,Refrigerated
Standard Chemical Set #6231,Cosmetics,77.054,Medium,Frozen
Premium Agriculture Barrel #4980,Toys,91.627,Low,Pressurized
Lightweight Luxury Assembly #8721,Chemical,81.096,Low,Frozen
Basic Food & Beverage Pouch #7530,Medical,63.555,High,Refrigerated
Professional Cosmetics Canister #9777,Automotive,85.32,High,Climate Controlled
Premium Industrial Widget #1528,Chemical,45.941,High,Climate Controlled
Economy Food & Beverage Jar #2149,Chemical,45.854,Low,Humidity Controlled
Economy Cosmetics Can #5407,Luxury,71.809,Low,Refrigerated
Fireproof Industrial Set #3948,Electronics,97.95,High,Pressurized
Professional Industrial Widget #2438,Cosmetics,67.467,High,Dry Storage
Fireproof Retail Cylinder #5673,Electronics,86.216,Medium,Ventilated
Advanced Pharmaceuticals Can #2120,Luxury,20.36,Medium,Sterile
Industrial Retail Crate #4556,Toys,29.093,Low,Refrigerated
Residential Luxury Cylinder #5207,Toys,58.495,Low,Climate Controlled
Vacuum-Sealed Luxury Package #6876,Pharmaceuticals,66.76,High,Dry Storage
Premium Cosmetics Lot #6063,Furniture,99.87,High,Humidity Controlled
Shockproof Industrial Can #6654,Medical,2.975,High,Refrigerated
Premium Luxury Shipment #8941,Apparel,81.248,Medium,Ventilated
Deluxe Luxury Cylinder #5739,Agriculture,86.691,High,Ventilated
Residential Industrial Can #2722,Furniture,39.873,Low,Pressurized
Basic Automotive Sack #8177,Toys,81.068,Low,Dark Storage
Residential Sports Envelope #9365,Luxury,23.695,High,Pressurized
Airtight Industrial Pouch #9707,Luxury,66.514,Medium,Room Temperature
Economy Toys System #366,Food & Beverage,72.898,Medium,Frozen
Advanced Furniture Crate #1345,Furniture,92.439,Low,Sterile
Lightweight Electronics Box #3945,Pharmaceuticals,18.489,Medium,Dark Storage
Fireproof Apparel Drum #1776,Furniture,51.521,High,Pressurized
Lightweight Cosmetics Set #2183,Electronics,57.031,High,Dry Storage
Professional Furniture Canister #1256,Furniture,64.394,Low,Dark Storage
Standard Toys Container #6190,Retail,32.554,Low,Pressurized
Portable Apparel Crate #2670,Luxury,64.118,High,Pressurized
Basic Luxury Vessel #6261,Sports,0.168,Medium,Sterile
Basic Chemical Case #5040,Sports,24.26,Medium,Sterile
Advanced Retail Cartridge #5187,Toys,10.707,Medium,Humidity Controlled
Industrial Pharmaceuticals Parcel #7608,Sports,47.714,Medium,Frozen
Shockproof Sports Crate #4119,Apparel,32.339,High,Ventilated
Lightweight Chemical Device #1819,Apparel,29.709,High,Dry Storage
Premium Industrial Set #4895,Luxury,55.749,High,Pressurized
Premium Luxury Assembly #4460,Electronics,31.777,Low,Climate Controlled
Advanced Industrial Crate #8217,Food & Beverage,77.343,Low,Dark Storage
Waterproof Toys Bundle #6836,Automotive,48.336,High,Dry Storage
Heavy-Duty Automotive Kit #4433,Sports,7.09,Low,Sterile
Basic Furniture Gadget #4492,Retail,35.313,Medium,Humidity Controlled
Economy Luxury Sack #9425,Chemical,9.372,High,Ventilated
Compact Industrial Gadget #6613,Food & Beverage,64.864,Medium,Pressurized
Waterproof Toys Widget #7028,Apparel,4.034,High,Humidity Controlled
Vacuum-Sealed Automotive Sack #3454,Chemical,4.454,High,Sterile
Airtight Luxury Pouch #2953,Pharmaceuticals,26.263,High,Frozen
Vacuum-Sealed Electronics Device #2543,Toys,94.795,High,Ventilated
Economy Food & Beverage Gadget #2979,Automotive,63.981,Low,Dry Storage
Vacuum-Sealed Sports Jar #1643,Medical,1.764,Low,Sterile
Heavy-Duty Chemical Device #6398,Cosmetics,1.9,Low,Frozen
Deluxe Sports Drum #228,Automotive,63.399,Low,Pressurized
Basic Luxury Package #656,Apparel,83.578,Low,Ventilated
Waterproof Cosmetics Bottle #5632,Industrial,17.174,Low,Dark Storage
Professional Electronics Vessel #1302,Medical,64.348,Medium,Frozen
Industrial Medical Can #3619,Pharmaceuticals,16.289,Low,Dark Storage
Vacuum-Sealed Medical Capsule #1622,Sports,21.161,Low,Pressurized
Waterproof Automotive Bundle #7207,Electronics,38.506,Low,Room Temperature
Basic Apparel Box #1742,Chemical,95.227,High,Dry Storage
Basic Industrial Pack #7696,Electronics,94.048,Medium,Frozen
Standard Pharmaceuticals Can #3036,Luxury,38.551,High,Dark Storage
Economy Luxury Module #7838,Pharmaceuticals,26.03,High,Ventilated
Basic Cosmetics Cylinder #2784,Automotive,23.998,High,Climate Controlled
Compact Retail Pallet #455,Electronics,69.759,Medium,Ventilated
Heavy-Duty Toys Component #7495,Luxury,78.211,Low,Climate Controlled
Residential Retail Bag #2013,Industrial,39.164,High,Sterile
Shockproof Food & Beverage Cartridge #7657,Automotive,90.139,High,Ventilated
Economy Pharmaceuticals Crate #9200,Industrial,5.065,Medium,Pressurized
Deluxe Electronics Device #7712,Luxury,49.345,Low,Humidity Controlled
Standard Chemical Set #1334,Medical,30.462,Medium,Dry Storage
Heavy-Duty Cosmetics Box #9681,Industrial,33.098,Low,Climate Controlled
Standard Agriculture Widget #4181,Apparel,65.566,High,Pressurized
Compact Sports Box #9766,Medical,82.29,Medium,Pressurized
Waterproof Food & Beverage Container #5577,Cosmetics,66.659,Medium,Pressurized
Industrial Cosmetics Lot #2453,Cosmetics,78.676,High,Dry Storage
Waterproof Cosmetics Widget #6461,Medical,93.984,Medium,Pressurized
Dustproof Electronics Unit #9018,Apparel,63.035,Medium,Ventilated
Vacuum-Sealed Apparel Device #8029,Cosmetics,43.474,Medium,Climate Controlled
Deluxe Luxury Can #1267,Toys,31.388,Low,Room Temperature
Residential Automotive Device #5914,Retail,66.333,Medium,Ventilated
Deluxe Sports Component #4126,Automotive,52.5,Low,Pressurized
Residential Retail Vessel #438,Luxury,60.934,Low,Frozen
Fireproof Electronics Widget #4770,Chemical,88.394,Medium,Sterile
Professional Industrial Pack #4135,Toys,21.922,High,Climate Controlled
Basic Agriculture Parcel #1921,Industrial,24.461,High,Dark Storage
Shockproof Agriculture Case #3934,Sports,69.082,High,Room Temperature
Vacuum-Sealed Electronics Widget #8556,Automotive,2.476,High,Climate Controlled
Fireproof Retail Envelope #191,Automotive,79.991,Medium,Room Temperature
Deluxe Apparel Cylinder #984,Sports,17.569,Medium,Dark Storage
Premium Sports Container #2066,Furniture,16.602,Low,Room Temperature
Compact Apparel Lot #9875,Furniture,19.788,Low,Sterile
Waterproof Luxury Bag #2835,Chemical,19.695,Low,Ventilated
Residential Retail Envelope #8336,Furniture,22.805,High,Ventilated
Waterproof Cosmetics Device #4986,Luxury,14.274,High,Humidity Controlled
Deluxe Toys Case #3790,Industrial,63.53,Medium,Room Temperature
Premium Automotive Pack #4907,Cosmetics,56.267,Low,Refrigerated
Advanced Automotive Bundle #4352,Apparel,13.857,High,Humidity Controlled
Lightweight Electronics Package #7030,Food & Beverage,35.499,High,Frozen
Compact Sports Vessel #8791,Agriculture,69.75,Low,Climate Controlled
Economy Sports Component #3740,Automotive,2.414,Low,Pressurized
Airtight Pharmaceuticals Unit #2450,Food & Beverage,31.234,Medium,Dry Storage
Lightweight Retail Canister #2478,Luxury,6.567,Medium,Sterile
Industrial Chemical Widget #1742,Industrial,77.201,High,Dry Storage
Vacuum-Sealed Sports Widget #2945,Retail,22.457,Medium,Sterile
Shockproof Sports Bottle #3112,Retail,83.26,Medium,Dry Storage
Dustproof Agriculture Box #4864,Food & Beverage,79.769,High,Refrigerated
Fireproof Pharmaceuticals Set #2065,Food & Beverage,14.309,High,Humidity Controlled
Dustproof Sports Device #3789,Sports,3.016,Low,Dark Storage
Professional Automotive Drum #2113,Automotive,18.547,Medium,Climate Controlled
Premium Pharmaceuticals Component #279,Pharmaceuticals,55.181,High,Dark Storage
Economy Pharmaceuticals Set #6693,Luxury,18.4,High,Humidity Controlled
Advanced Cosmetics System #9505,Food & Beverage,69.221,High,Humidity Controlled
Compact Pharmaceuticals Cylinder #9279,Furniture,22.422,Low,Pressurized
Economy Medical Vessel #7101,Agriculture,67.722,Medium,Climate Controlled
Industrial Retail Cartridge #7609,Automotive,95.461,Medium,Dark Storage
Compact Toys Jar #1395,Electronics,79.839,High,Refrigerated
Premium Toys Bundle #4462,Sports,23.292,Low,Refrigerated
Vacuum-Sealed Retail Drum #7926,Furniture,66.59,Medium,Humidity Controlled
Compact Industrial Set #7282,Retail,35.812,High,Dry Storage
Standard Sports Batch #7774,Agriculture,45.43,Low,Dark Storage
Commercial Pharmaceuticals Lot #6968,Pharmaceuticals,47.443,High,Refrigerated
Standard Apparel Crate #4849,Apparel,45.617,Low,Ventilated
Advanced Furniture Module #5828,Industrial,38.589,Low,Refrigerated
Fireproof Medical Barrel #5984,Medical,31.814,Medium,Humidity Controlled
Waterproof Electronics Vessel #8475,Apparel,71.942,High,Frozen
Shockproof Luxury Parcel #1165,Chemical,42.598,Low,Frozen
Industrial Chemical Cylinder #3563,Chemical,42.489,High,Climate Controlled
Premium Electronics Gadget #1189,Toys,11.941,High,Ventilated
Dustproof Toys Container #4997,Apparel,16.062,High,Sterile
Residential Electronics Drum #2155,Luxury,6.015,High,Dry Storage
Professional Retail Envelope #6468,Food & Beverage,60.39,Medium,Dry Storage
Economy Automotive Container #5055,Electronics,79.031,Low,Sterile
Premium Agriculture Pallet #8212,Sports,33.669,Low,Dark Storage
Dustproof Cosmetics Barrel #132,Agriculture,49.458,Low,Climate Controlled
Compact Toys Parcel #3247,Automotive,3.345,Medium,Sterile
Compact Apparel Shipment #1461,Retail,59.058,Low,Frozen
Professional Furniture Component #1140,Luxury,67.75,High,Dark Storage
Economy Agriculture Device #5934,Furniture,22.834,Low,Frozen
Professional Furniture Case #1581,Chemical,21.61,Low,Pressurized
Standard Chemical Parcel #4327,Luxury,55.65,Low,Climate Controlled
Deluxe Toys Bottle #4616,Toys,34.481,Low,Climate Controlled
Basic Apparel Package #7450,Medical,15.31,Low,Humidity Controlled
Standard Pharmaceuticals Barrel #2725,Sports,81.609,Medium,Climate Controlled
Compact Chemical Box #4418,Automotive,4.715,High,Frozen
Industrial Pharmaceuticals System #4514,Toys,17.653,High,Dry Storage
Professional Medical Package #3940,Food & Beverage,24.707,Low,Ventilated
Waterproof Chemical Set #7007,Automotive,76.734,Medium,Dark Storage
Fireproof Pharmaceuticals Pouch #7586,Furniture,18.562,High,Refrigerated
Lightweight Furniture Bottle #2605,Food & Beverage,71.862,Medium,Sterile
Lightweight Chemical Vessel #2647,Electronics,74.874,High,Climate Controlled
Airtight Toys Pouch #1713,Cosmetics,89.54,High,Dry Storage
Commercial Cosmetics Unit #2823,Medical,29.986,Medium,Sterile
Waterproof Medical Drum #2502,Automotive,22.58,Low,Room Temperature
Premium Furniture Module #7711,Medical,65.352,Low,Sterile
Deluxe Automotive Module #3872,Furniture,48.416,High,Refrigerated
Airtight Furniture Widget #3240,Automotive,1.678,Low,Sterile
Lightweight Food & Beverage Canister #7274,Food & Beverage,94.878,Medium,Sterile
Professional Furniture Drum #2719,Pharmaceuticals,39.044,Medium,Refrigerated
Professional Food & Beverage Widget #7328,Luxury,45.246,Low,Pressurized
Dustproof Cosmetics Container #5352,Food & Beverage,84.201,Low,Sterile
Advanced Pharmaceuticals Vessel #7297,Food & Beverage,74.39,High,Pressurized
Shockproof Medical Capsule #4119,Furniture,22.936,High,Frozen
Standard Retail Shipment #5953,Pharmaceuticals,9.885,High,Dry Storage
Deluxe Sports Jar #5019,Apparel,56.763,Low,Humidity Controlled
Residential Industrial Drum #1039,Furniture,21.861,Medium,Dark Storage
Premium Food & Beverage System #9531,Chemical,48.456,Low,Humidity Controlled
Premium Furniture Crate #7309,Pharmaceuticals,56.532,High,Ventilated
Portable Furniture Kit #3825,Furniture,0.198,High,Climate Controlled
Portable Cosmetics Assembly #2238,Automotive,85.059,High,Sterile
Deluxe Automotive Case #4747,Retail,72.927,Medium,Dry Storage
Vacuum-Sealed Electronics Kit #2031,Electronics,25.504,Medium,Room Temperature
Dustproof Chemical Crate #4778,Electronics,80.906,Low,Room Temperature
Fireproof Retail Box #9513,Pharmaceuticals,77.634,Medium,Pressurized
Industrial Furniture Assembly #6201,Cosmetics,56.09,High,Sterile
Airtight Automotive Pack #5099,Electronics,88.717,High,Climate Controlled
Standard Pharmaceuticals Parcel #3926,Medical,34.687,Low,Frozen
Airtight Electronics Vessel #6250,Sports,31.689,Medium,Ventilated
Heavy-Duty Medical Kit #3128,Chemical,39.72,Low,Room Temperature
Basic Sports Gadget #4549,Industrial,0.95,High,Dry Storage
Commercial Sports Sack #2178,Industrial,40.868,High,Ventilated
Residential Cosmetics Module #5023,Medical,34.864,High,Refrigerated
Heavy-Duty Chemical Device #9906,Toys,71.127,Low,Dry Storage
Professional Pharmaceuticals Bundle #584,Chemical,42.454,High,Refrigerated
Heavy-Duty Agriculture Bag #6075,Electronics,7.644,Low,Pressurized
Lightweight Luxury Vessel #5694,Medical,13.303,Low,Refrigerated
Compact Food & Beverage Parcel #3728,Electronics,87.148,Medium,Refrigerated
Fireproof Retail Lot #6693,Cosmetics,24.532,Medium,Room Temperature
Residential Pharmaceuticals Kit #6007,Food & Beverage,54.595,Low,Frozen
Industrial Pharmaceuticals Pouch #1746,Electronics,9.944,High,Pressurized
Professional Electronics Pack #3403,Pharmaceuticals,36.23,Low,Frozen
Industrial Automotive Device #2979,Electronics,77.118,High,Dry Storage
Portable Industrial Crate #6657,Medical,73.147,High,Dark Storage
Airtight Furniture Crate #453,Toys,12.244,High,Dark Storage
Shockproof Pharmaceuticals Package #2047,Cosmetics,41.592,Low,Dry Storage
Vacuum-Sealed Agriculture Unit #8412,Toys,56.577,High,Refrigerated
Shockproof Furniture Can #6984,Medical,93.847,Medium,Dry Storage
Deluxe Automotive Envelope #8115,Agriculture,38.1,Low,Ventilated
Vacuum-Sealed Retail Gadget #632,Agriculture,51.077,High,Climate Controlled
Deluxe Toys Barrel #9803,Medical,48.661,Medium,Frozen
Shockproof Food & Beverage Drum #6350,Electronics,4.37,Medium,Frozen
Economy Industrial Package #369,Food & Beverage,25.772,High,Refrigerated
Fireproof Retail Bottle #5360,Chemical,5.13,Medium,Room Temperature
Economy Luxury Capsule #5614,Furniture,11.503,Low,Climate Controlled
Premium Furniture Component #6071,Toys,36.582,Low,Pressurized
Heavy-Duty Pharmaceuticals Crate #354,Retail,60.705,Low,Frozen
Professional Industrial Cartridge #6350,Cosmetics,45.932,High,Humidity Controlled
Waterproof Food & Beverage Device #7898,Food & Beverage,76.498,High,Refrigerated
Standard Furniture Envelope #2107,Sports,26.557,High,Climate Controlled
Vacuum-Sealed Industrial Component #7443,Automotive,26.028,Medium,Dark Storage
Portable Chemical Package #1755,Sports,47.314,High,Dark Storage
Basic Apparel Component #5027,Automotive,33.909,Low,Sterile
Portable Chemical Assembly #4456,Pharmaceuticals,45.407,Medium,Refrigerated
Residential Chemical Capsule #4479,Cosmetics,43.975,High,Refrigerated
Portable Electronics Widget #4871,Agriculture,75.549,High,Pressurized
Heavy-Duty Food & Beverage Bundle #5670,Apparel,75.033,Medium,Dry Storage
Industrial Agriculture Can #2427,Sports,35.502,Low,Frozen
Heavy-Duty Agriculture Device #8444,Agriculture,40.232,Medium,Ventilated
Advanced Sports Package #5787,Toys,21.954,Low,Humidity Controlled
Premium Toys Bundle #2192,Automotive,49.492,Medium,Refrigerated
Heavy-Duty Agriculture Pallet #6447,Cosmetics,54.493,High,Ventilated
Airtight Cosmetics Shipment #774,Agriculture,28.721,Low,Frozen
Vacuum-Sealed Sports Set #9982,Agriculture,14.065,High,Climate Controlled
Basic Furniture Container #6677,Medical,38.14,Low,Climate Controlled
Premium Automotive Vessel #4676,Industrial,78.767,Medium,Frozen
Commercial Electronics Device #3538,Furniture,42.484,High,Dry Storage
Lightweight Retail Envelope #7885,Electronics,29.756,High,Refrigerated
Shockproof Furniture Set #4180,Food & Beverage,80.573,Medium,Refrigerated
Waterproof Electronics Envelope #341,Medical,29.889,High,Refrigerated
Professional Sports Kit #7099,Automotive,18.638,High,Dry Storage
Professional Furniture Cartridge #581,Food & Beverage,60.136,High,Dark Storage
Basic Toys Capsule #7728,Cosmetics,88.729,Medium,Climate Controlled
Professional Medical Bag #5273,Furniture,2.819,Medium,Dark Storage
Deluxe Luxury Cylinder #7503,Automotive,37.773,High,Dark Storage
Heavy-Duty Retail Vessel #9509,Sports,51.1,Medium,Room Temperature
Commercial Industrial Pouch #7970,Cosmetics,37.803,High,Dry Storage
Dustproof Industrial Kit #362,Electronics,2.928,High,Dry Storage
Fireproof Toys System #3343,Furniture,68.323,High,Dry Storage
Heavy-Duty Retail Set #1203,Apparel,72.921,High,Refrigerated
Portable Sports Case #7806,Chemical,34.517,Low,Frozen
Advanced Pharmaceuticals Module #3365,Chemical,95.499,High,Refrigerated
Compact Furniture Gadget #109,Medical,64.421,Medium,Room Temperature
Shockproof Luxury Vessel #4147,Apparel,33.05,Low,Climate Controlled
Premium Furniture Bag #4566,Food & Beverage,4.464,Medium,Room Temperature
Dustproof Sports Crate #9167,Apparel,74.308,High,Frozen
Professional Toys Gadget #8937,Sports,9.509,High,Ventilated
Industrial Cosmetics System #3347,Pharmaceuticals,12.915,Low,Climate Controlled
Economy Automotive Widget #379,Furniture,12.495,Low,Room Temperature
Shockproof Cosmetics Pouch #9084,Food & Beverage,53.694,Medium,Sterile
Dustproof Sports Container #9848,Chemical,98.891,Medium,Room Temperature
Premium Luxury Component #2659,Retail,82.756,Medium,Ventilated
Economy Cosmetics Assembly #8956,Toys,61.321,High,Pressurized
